assessment_id,application_id,rule_id,assessment_result,calculated_ratio,assessed_at
1,APP-0001,1,ELIGIBLE,0.13,2026-07-23
2,APP-0002,1,ELIGIBLE,0.08,2026-01-22
3,APP-0003,1,ELIGIBLE,0.28,2026-08-24
4,APP-0004,1,ELIGIBLE,0.25,2026-02-15
5,APP-0005,1,ELIGIBLE,0.25,2026-06-29
6,APP-0006,1,ELIGIBLE,0.25,2025-12-13
7,APP-0007,1,ELIGIBLE,0.5,2026-05-18
8,APP-0008,1,NOT_ELIGIBLE,1.39,2026-03-26
9,APP-0009,1,NOT_ELIGIBLE,0.46,2026-06-11
10,APP-0010,1,ELIGIBLE,0.16,2025-12-27
11,APP-0011,1,ELIGIBLE,0.35,2026-04-23
12,APP-0012,1,ELIGIBLE,0.18,2026-06-21
13,APP-0013,1,NOT_ELIGIBLE,1.11,2026-08-01
14,APP-0014,1,ELIGIBLE,0.1,2026-02-13
15,APP-0015,1,ELIGIBLE,0.05,2026-05-19
16,APP-0016,1,ELIGIBLE,0.24,2026-06-14
17,APP-0017,1,ELIGIBLE,0.25,2026-04-05
18,APP-0018,1,NOT_ELIGIBLE,0.74,2026-10-25
19,APP-0019,1,ELIGIBLE,0.11,2026-05-04
20,APP-0020,1,ELIGIBLE,0.44,2026-06-03
21,APP-0021,1,NOT_ELIGIBLE,0.53,2025-11-19
22,APP-0022,1,ELIGIBLE,0.3,2026-07-06
23,APP-0023,1,ELIGIBLE,0.26,2026-09-23
24,APP-0024,1,ELIGIBLE,0.34,2026-09-09
25,APP-0025,1,ELIGIBLE,0.11,2026-10-11
26,APP-0026,1,NOT_ELIGIBLE,0.82,2026-09-08
27,APP-0027,1,ELIGIBLE,0.15,2026-06-28
28,APP-0028,1,ELIGIBLE,0.23,2026-01-24
29,APP-0029,1,ELIGIBLE,0.14,2026-09-16
30,APP-0030,1,NOT_ELIGIBLE,0.62,2026-01-01
