application_id,customer_id,applicant_name,monthly_income,requested_amount,term_months,status,created_at,updated_at,approved_amount,disbursement_status,disbursement_date
APP-0001,5,Test Borrower 01,41335.24,65331.32,24,PENDING_MANAGER_REVIEW,2026-07-04,2026-07-22,,NOT_APPLICABLE,
APP-0002,1,Test Borrower 05,178649.24,179660.9,12,PENDING_REVIEW,2026-01-12,2026-01-21,,NOT_APPLICABLE,
APP-0003,5,Test Borrower 01,60000.0,200000.0,24,PENDING_REVIEW,2026-08-11,2026-08-23,,NOT_APPLICABLE,
APP-0004,5,Test Borrower 05,50000.0,150000.0,24,DRAFT,2026-02-10,2026-02-14,,NOT_APPLICABLE,
APP-0005,5,Test Borrower 05,50000.0,150000.0,24,DRAFT,2026-06-19,2026-06-28,,NOT_APPLICABLE,
APP-0006,5,Test Borrower 05,30000.0,90000.0,12,REJECTED,2025-12-04,2025-12-12,,NOT_APPLICABLE,
APP-0007,4,Test Borrower 05,50000.0,300000.0,12,PENDING_MANAGER_REVIEW,2026-05-16,2026-05-17,,NOT_APPLICABLE,
APP-0008,6,Test Borrower 04,300000.0,5000000.0,60,PENDING_REVIEW,2026-03-06,2026-03-25,,NOT_APPLICABLE,
APP-0009,4,Test Borrower 06,27040.6,148484.36,60,DRAFT,2026-06-08,2026-06-10,,NOT_APPLICABLE,
APP-0010,1,Test Borrower 04,99859.15,192235.4,24,PENDING_MANAGER_REVIEW,2025-12-20,2025-12-26,,NOT_APPLICABLE,
APP-0011,1,Test Borrower 01,50282.58,211657.03,36,PENDING_MANAGER_REVIEW,2026-04-04,2026-04-22,,NOT_APPLICABLE,
APP-0012,3,Test Borrower 01,86769.93,183357.43,18,DRAFT,2026-06-08,2026-06-20,,NOT_APPLICABLE,
APP-0013,2,Test Borrower 03,29130.21,386664.18,18,APPROVED,2026-07-22,2026-07-31,386664.18,DISBURSED,2026-08-01
APP-0014,1,Test Borrower 02,260175.38,300911.57,36,REJECTED,2026-02-11,2026-02-12,,NOT_APPLICABLE,
APP-0015,2,Test Borrower 01,202040.28,120827.18,36,APPROVED,2026-05-08,2026-05-18,120827.18,DISBURSED,2026-05-22
APP-0016,4,Test Borrower 02,105511.41,301812.03,36,PENDING_REVIEW,2026-06-11,2026-06-13,,NOT_APPLICABLE,
APP-0017,2,Test Borrower 04,65067.57,195532.59,36,PENDING_REVIEW,2026-04-01,2026-04-04,,NOT_APPLICABLE,
APP-0018,4,Test Borrower 02,28619.1,255675.6,36,PENDING_MANAGER_REVIEW,2026-10-05,2026-10-24,,NOT_APPLICABLE,
APP-0019,5,Test Borrower 04,45682.04,57981.35,12,DRAFT,2026-04-24,2026-05-03,,NOT_APPLICABLE,
APP-0020,3,Test Borrower 05,42033.04,221747.45,24,PENDING_REVIEW,2026-05-23,2026-06-02,,NOT_APPLICABLE,
APP-0021,5,Test Borrower 03,36604.91,232235.34,60,PENDING_REVIEW,2025-11-11,2025-11-18,,NOT_APPLICABLE,
APP-0022,2,Test Borrower 05,68415.81,243912.65,18,APPROVED,2026-07-03,2026-07-05,243912.65,DISBURSED,2026-07-14
APP-0023,2,Test Borrower 02,103619.95,319026.62,18,PENDING_REVIEW,2026-09-03,2026-09-22,,NOT_APPLICABLE,
APP-0024,2,Test Borrower 02,44419.84,179822.8,18,PENDING_MANAGER_REVIEW,2026-08-20,2026-09-08,,NOT_APPLICABLE,
APP-0025,1,Test Borrower 02,172365.92,230270.0,60,PENDING_REVIEW,2026-10-07,2026-10-10,,NOT_APPLICABLE,
APP-0026,6,Test Borrower 01,40228.4,397331.45,12,APPROVED,2026-08-22,2026-09-07,397331.45,DISBURSED,2026-09-12
APP-0027,3,Test Borrower 06,91131.98,160575.17,12,APPROVED,2026-06-19,2026-06-27,160575.17,DISBURSED,2026-07-06
APP-0028,1,Test Borrower 03,51137.64,141861.18,12,REJECTED,2026-01-23,2026-01-23,,NOT_APPLICABLE,
APP-0029,2,Test Borrower 01,69197.91,112743.91,18,PENDING_REVIEW,2026-09-15,2026-09-15,,NOT_APPLICABLE,
APP-0030,1,Test Borrower 02,52209.17,390139.25,24,APPROVED,2025-12-13,2025-12-31,390139.25,DISBURSED,2026-01-01
APP-0031,5,Test Borrower 01,29613.78,287180.54,60,REJECTED,2026-04-03,2026-04-21,,NOT_APPLICABLE,
APP-0032,1,Test Borrower 05,31992.15,331443.58,12,REJECTED,2026-07-18,2026-08-03,,NOT_APPLICABLE,
APP-0033,4,Test Borrower 01,57464.69,189152.37,60,REJECTED,2026-04-08,2026-04-18,,NOT_APPLICABLE,
APP-0034,4,Test Borrower 04,171561.03,373682.95,24,PENDING_MANAGER_REVIEW,2026-05-01,2026-05-03,,NOT_APPLICABLE,
APP-0035,6,Test Borrower 04,29911.89,196690.01,12,APPROVED,2026-06-24,2026-06-27,196690.01,DISBURSED,2026-06-28
APP-0036,5,Test Borrower 06,88043.43,324667.21,60,REJECTED,2025-12-01,2025-12-06,,NOT_APPLICABLE,
APP-0037,4,Test Borrower 05,73959.21,235769.36,36,REJECTED,2026-09-15,2026-09-30,,NOT_APPLICABLE,
APP-0038,3,Test Borrower 04,38096.44,199058.73,12,REJECTED,2026-09-16,2026-09-21,,NOT_APPLICABLE,
APP-0039,1,Test Borrower 03,33283.18,311105.0,60,PENDING_MANAGER_REVIEW,2025-12-20,2026-01-06,,NOT_APPLICABLE,
APP-0040,6,Test Borrower 01,30116.06,338632.47,18,APPROVED,2025-12-08,2025-12-26,338632.47,DISBURSED,2026-01-03
