notification_id,application_id,recipient_user_id,old_status,new_status,message,created_at,is_read
1,APP-0001,5,,PENDING_REVIEW,Loan application APP-0001 status changed to PENDING_REVIEW.,2026-07-22,False
2,APP-0002,1,PENDING_REVIEW,PENDING_REVIEW,Loan application APP-0002 status changed to PENDING_REVIEW.,2026-01-21,False
3,APP-0003,5,PENDING_REVIEW,PENDING_REVIEW,Loan application APP-0003 status changed to PENDING_REVIEW.,2026-08-23,True
4,APP-0004,5,PENDING_REVIEW,DRAFT,Loan application APP-0004 status changed to DRAFT.,2026-02-14,False
5,APP-0005,5,PENDING_REVIEW,DRAFT,Loan application APP-0005 status changed to DRAFT.,2026-06-28,False
6,APP-0006,5,PENDING_REVIEW,REJECTED,Loan application APP-0006 status changed to REJECTED.,2025-12-12,True
7,APP-0007,4,PENDING_REVIEW,PENDING_MANAGER_REVIEW,Loan application APP-0007 status changed to PENDING_MANAGER_REVIEW.,2026-05-17,False
8,APP-0008,6,PENDING_REVIEW,PENDING_REVIEW,Loan application APP-0008 status changed to PENDING_REVIEW.,2026-03-25,False
9,APP-0009,4,PENDING_REVIEW,DRAFT,Loan application APP-0009 status changed to DRAFT.,2026-06-10,True
10,APP-0010,1,PENDING_REVIEW,PENDING_MANAGER_REVIEW,Loan application APP-0010 status changed to PENDING_MANAGER_REVIEW.,2025-12-26,False
11,APP-0011,1,PENDING_REVIEW,PENDING_MANAGER_REVIEW,Loan application APP-0011 status changed to PENDING_MANAGER_REVIEW.,2026-04-22,False
12,APP-0012,3,PENDING_REVIEW,DRAFT,Loan application APP-0012 status changed to DRAFT.,2026-06-20,True
13,APP-0013,2,PENDING_REVIEW,APPROVED,Loan application APP-0013 status changed to APPROVED.,2026-07-31,False
14,APP-0014,1,PENDING_REVIEW,REJECTED,Loan application APP-0014 status changed to REJECTED.,2026-02-12,False
15,APP-0015,2,PENDING_REVIEW,PENDING_REVIEW,Loan application APP-0015 status changed to PENDING_REVIEW.,2026-05-18,True
16,APP-0016,4,PENDING_REVIEW,PENDING_REVIEW,Loan application APP-0016 status changed to PENDING_REVIEW.,2026-06-13,False
17,APP-0017,2,PENDING_REVIEW,PENDING_REVIEW,Loan application APP-0017 status changed to PENDING_REVIEW.,2026-04-04,False
18,APP-0018,4,PENDING_REVIEW,PENDING_MANAGER_REVIEW,Loan application APP-0018 status changed to PENDING_MANAGER_REVIEW.,2026-10-24,True
19,APP-0019,5,PENDING_REVIEW,DRAFT,Loan application APP-0019 status changed to DRAFT.,2026-05-03,False
20,APP-0020,3,PENDING_REVIEW,PENDING_REVIEW,Loan application APP-0020 status changed to PENDING_REVIEW.,2026-06-02,False
21,APP-0021,5,PENDING_REVIEW,PENDING_REVIEW,Loan application APP-0021 status changed to PENDING_REVIEW.,2025-11-18,True
22,APP-0022,2,PENDING_REVIEW,APPROVED,Loan application APP-0022 status changed to APPROVED.,2026-07-05,False
23,APP-0023,2,PENDING_REVIEW,PENDING_REVIEW,Loan application APP-0023 status changed to PENDING_REVIEW.,2026-09-22,False
24,APP-0024,2,PENDING_REVIEW,PENDING_MANAGER_REVIEW,Loan application APP-0024 status changed to PENDING_MANAGER_REVIEW.,2026-09-08,True
25,APP-0025,1,PENDING_REVIEW,PENDING_REVIEW,Loan application APP-0025 status changed to PENDING_REVIEW.,2026-10-10,False
